[
  {
    "name": "The Troubadour",
    "address": "9081 Santa Monica Blvd",
    "city": "West Hollywood",
    "state": "CA",
    "zip_code": "90069",
    "phone": "310-276-1158",
    "website": "https://troubadour.com",
    "capacity": 500,
    "venue_type": "club",
    "music_focus": ["rock", "indie", "alternative"],
    "description": "Iconic West Hollywood music club that launched the careers of countless artists since 1957."
  },
  {
    "name": "Whisky a Go Go",
    "address": "8901 W Sunset Blvd",
    "city": "West Hollywood",
    "state": "CA",
    "zip_code": "90069",
    "phone": "310-652-4202",
    "website": "https://whiskyagogo.com",
    "capacity": 500,
    "venue_type": "club",
    "music_focus": ["rock", "metal", "punk"],
    "description": "Legendary Sunset Strip venue that has hosted The Doors, Led Zeppelin, and countless rock legends."
  },
  {
    "name": "The Roxy Theatre",
    "address": "9009 W Sunset Blvd",
    "city": "West Hollywood",
    "state": "CA",
    "zip_code": "90069",
    "phone": "310-278-9457",
    "email": "concerts@goldenvoice.com",
    "website": "https://www.theroxy.com",
    "capacity": 500,
    "venue_type": "theater",
    "music_focus": ["rock", "alternative", "indie"],
    "description": "Intimate Sunset Strip theater known for legendary performances and artist showcases."
  },
  {
    "name": "Hollywood Bowl",
    "address": "2301 N Highland Ave",
    "city": "Los Angeles",
    "state": "CA",
    "zip_code": "90068",
    "website": "https://www.hollywoodbowl.com",
    "capacity": 17500,
    "venue_type": "amphitheater",
    "music_focus": ["rock", "jazz", "world", "singer songwriter"],
    "description": "The largest natural amphitheater in the United States, home to the LA Phil and world-class concerts."
  },
  {
    "name": "The Greek Theatre",
    "address": "2700 N Vermont Ave",
    "city": "Los Angeles",
    "state": "CA",
    "zip_code": "90027",
    "website": "https://www.lagreektheatre.com",
    "capacity": 5900,
    "venue_type": "amphitheater",
    "music_focus": ["rock", "indie", "alternative", "world"],
    "description": "Opened in 1929, one of LA's premier outdoor music venues inside Griffith Park."
  },
  {
    "name": "Walt Disney Concert Hall",
    "address": "111 S Grand Ave",
    "city": "Los Angeles",
    "state": "CA",
    "zip_code": "90012",
    "website": "https://www.laphil.com",
    "capacity": 2265,
    "venue_type": "theater",
    "music_focus": ["jazz", "world", "experimental"],
    "description": "Stunning Frank Gehry-designed concert hall, home to the Los Angeles Philharmonic."
  },
  {
    "name": "The Fonda Theatre",
    "address": "6126 Hollywood Blvd",
    "city": "Los Angeles",
    "state": "CA",
    "zip_code": "90028",
    "website": "https://www.fondatheatre.com",
    "capacity": 1200,
    "venue_type": "theater",
    "music_focus": ["rock", "indie", "alternative", "hip hop"],
    "description": "Originally opened in 1926 as a movie theater, now a major hotspot for live music."
  },
  {
    "name": "The Wiltern",
    "address": "3790 Wilshire Blvd",
    "city": "Los Angeles",
    "state": "CA",
    "zip_code": "90010",
    "website": "https://www.thewiltern.com",
    "capacity": 1850,
    "venue_type": "theater",
    "music_focus": ["rock", "indie", "alternative", "electronic"],
    "description": "Art-deco venue in Koreatown known for its stunning architecture and diverse programming."
  },
  {
    "name": "The Echo",
    "address": "1822 Sunset Blvd",
    "city": "Los Angeles",
    "state": "CA",
    "zip_code": "90026",
    "website": "https://www.theecho.com",
    "capacity": 350,
    "venue_type": "club",
    "music_focus": ["indie", "punk", "alternative", "electronic"],
    "description": "Echo Park staple for cutting-edge music from up-and-coming local and touring acts."
  },
  {
    "name": "Echoplex",
    "address": "1154 Glendale Blvd",
    "city": "Los Angeles",
    "state": "CA",
    "zip_code": "90026",
    "phone": "213-413-8200",
    "website": "https://www.theecho.com",
    "capacity": 700,
    "venue_type": "club",
    "music_focus": ["indie", "electronic", "punk", "alternative"],
    "description": "Larger sister venue to The Echo, hosting indie and alternative artists."
  },
  {
    "name": "El Rey Theatre",
    "address": "5515 Wilshire Blvd",
    "city": "Los Angeles",
    "state": "CA",
    "zip_code": "90036",
    "website": "https://www.theelrey.com",
    "capacity": 771,
    "venue_type": "theater",
    "music_focus": ["rock", "indie", "alternative"],
    "description": "Art deco theater from 1936 featuring diverse live music programming."
  },
  {
    "name": "Teragram Ballroom",
    "address": "1234 W 7th St",
    "city": "Los Angeles",
    "state": "CA",
    "zip_code": "90017",
    "website": "https://www.teragr amballroom.com",
    "capacity": 600,
    "venue_type": "club",
    "music_focus": ["indie", "electronic", "alternative", "hip hop"],
    "description": "Downtown LA venue known for eclectic programming and great sound."
  },
  {
    "name": "Hollywood Palladium",
    "address": "6215 Sunset Blvd",
    "city": "Hollywood",
    "state": "CA",
    "zip_code": "90028",
    "phone": "323-962-7600",
    "email": "hollywoodpalladiumevents@livenation.com",
    "website": "https://www.hollywoodpalladium.com",
    "capacity": 3700,
    "venue_type": "theater",
    "music_focus": ["rock", "electronic", "hip hop", "alternative"],
    "description": "Historic theater hosting major touring acts and special events."
  },
  {
    "name": "Hotel Cafe",
    "address": "1623 1/2 N Cahuenga Blvd",
    "city": "Los Angeles",
    "state": "CA",
    "zip_code": "90028",
    "phone": "323-461-2040",
    "email": "booking@hotelcafe.com",
    "website": "https://www.hotelcafe.com",
    "capacity": 165,
    "venue_type": "club",
    "music_focus": ["singer songwriter", "folk", "indie", "acoustic"],
    "description": "Intimate venue famous for launching singer-songwriter careers."
  },
  {
    "name": "McCabe's Guitar Shop",
    "address": "3101 Pico Blvd",
    "city": "Santa Monica",
    "state": "CA",
    "zip_code": "90405",
    "phone": "310-828-4497",
    "email": "mccabes@mccabes.com",
    "website": "https://www.mccabes.com",
    "capacity": 150,
    "venue_type": "other",
    "music_focus": ["folk", "singer songwriter", "acoustic", "bluegrass"],
    "description": "Guitar shop and intimate concert space featuring acoustic music since 1958."
  },
  {
    "name": "The Viper Room",
    "address": "8852 W Sunset Blvd",
    "city": "West Hollywood",
    "state": "CA",
    "zip_code": "90069",
    "website": "https://www.viperroom.com",
    "capacity": 250,
    "venue_type": "club",
    "music_focus": ["rock", "alternative", "indie"],
    "description": "Legendary Sunset Strip club with rich music history since 1993."
  },
  {
    "name": "The Mint",
    "address": "6010 Pico Blvd",
    "city": "Los Angeles",
    "state": "CA",
    "zip_code": "90035",
    "website": "https://www.themintla.com",
    "capacity": 200,
    "venue_type": "club",
    "music_focus": ["rock", "blues", "jazz", "r&b"],
    "description": "Mid-city venue featuring live music seven nights a week since 1937."
  },
  {
    "name": "El Cid",
    "address": "4212 W Sunset Blvd",
    "city": "Los Angeles",
    "state": "CA",
    "zip_code": "90029",
    "capacity": 120,
    "venue_type": "restaurant",
    "music_focus": ["indie", "folk", "punk", "alternative"],
    "description": "Silver Lake venue hosting flamenco, indie rock, and diverse music performances."
  },
  {
    "name": "Silverlake Lounge",
    "address": "2906 Sunset Blvd",
    "city": "Los Angeles",
    "state": "CA",
    "zip_code": "90026",
    "capacity": 100,
    "venue_type": "bar",
    "music_focus": ["indie", "punk", "rock", "alternative"],
    "description": "No-frills neighborhood bar with live music almost every night."
  },
  {
    "name": "The Forum",
    "address": "3900 W Manchester Blvd",
    "city": "Inglewood",
    "state": "CA",
    "zip_code": "90305",
    "website": "https://www.msg.com/the-forum",
    "capacity": 17500,
    "venue_type": "stadium",
    "music_focus": ["rock", "hip hop", "r&b", "pop"],
    "description": "Historic arena hosting major touring acts and special events."
  },
  {
    "name": "The Novo",
    "address": "800 W Olympic Blvd",
    "city": "Los Angeles",
    "state": "CA",
    "zip_code": "90015",
    "website": "https://www.thenovodtla.com",
    "capacity": 2300,
    "venue_type": "theater",
    "music_focus": ["rock", "electronic", "hip hop", "alternative"],
    "description": "Downtown LA venue at LA Live with impressive acoustics and intimate setting."
  },
  {
    "name": "Arts District Brewing Company",
    "address": "828 Traction Ave",
    "city": "Los Angeles",
    "state": "CA",
    "zip_code": "90013",
    "website": "https://www.artsdistrictbrewing.com",
    "capacity": 200,
    "venue_type": "brewery",
    "music_focus": ["rock", "indie", "acoustic", "electronic"],
    "description": "Arts District brewery with 30 craft beers and regular live music events."
  },
  {
    "name": "Boomtown Brewery",
    "address": "700 Jackson St",
    "city": "Los Angeles",
    "state": "CA",
    "zip_code": "90012",
    "website": "https://www.boomtownbrew.com",
    "capacity": 150,
    "venue_type": "brewery",
    "music_focus": ["indie", "punk", "experimental", "electronic"],
    "description": "Little Tokyo brewery featuring artisan beer and creative community events."
  },
  {
    "name": "Lodge Room",
    "address": "104 N Ave 56",
    "city": "Los Angeles",
    "state": "CA",
    "zip_code": "90042",
    "website": "https://www.lodgeroomhighlandpark.com",
    "capacity": 400,
    "venue_type": "club",
    "music_focus": ["indie", "jazz", "experimental", "world"],
    "description": "Highland Park venue in a renovated Masonic temple with excellent acoustics."
  },
  {
    "name": "The Regent Theater",
    "address": "448 S Main St",
    "city": "Los Angeles",
    "state": "CA",
    "zip_code": "90013",
    "website": "https://www.theregenttheater.com",
    "capacity": 1400,
    "venue_type": "theater",
    "music_focus": ["rock", "hip hop", "electronic", "punk"],
    "description": "Downtown theater originally opened in 1914, now hosting diverse music acts."
  },
  {
    "name": "Moroccan Lounge",
    "address": "901 E 1st St",
    "city": "Los Angeles",
    "state": "CA",
    "zip_code": "90012",
    "website": "https://www.moroccanlounge.com",
    "capacity": 300,
    "venue_type": "club",
    "music_focus": ["indie", "electronic", "punk", "alternative"],
    "description": "Little Tokyo venue with eclectic programming and Middle Eastern-inspired decor."
  },
  {
    "name": "Zebulon",
    "address": "2478 Fletcher Dr",
    "city": "Los Angeles",
    "state": "CA",
    "zip_code": "90039",
    "website": "https://www.zebulon.la",
    "capacity": 120,
    "venue_type": "bar",
    "music_focus": ["jazz", "experimental", "world", "electronic"],
    "description": "Frog Town venue known for adventurous jazz and experimental music."
  },
  {
    "name": "Harvelle's Blues Club",
    "address": "1432 4th St",
    "city": "Santa Monica",
    "state": "CA",
    "zip_code": "90401",
    "website": "https://www.harvelles.com",
    "capacity": 250,
    "venue_type": "club",
    "music_focus": ["blues", "jazz", "r&b", "soul"],
    "description": "Historic blues club operating since 1931, featuring blues and R&B nightly."
  },
  {
    "name": "TRiP Santa Monica",
    "address": "2101 Lincoln Blvd",
    "city": "Santa Monica",
    "state": "CA",
    "zip_code": "90405",
    "website": "https://www.tripsantamonica.com",
    "capacity": 300,
    "venue_type": "bar",
    "music_focus": ["rock", "indie", "alternative", "acoustic"],
    "description": "Santa Monica venue with nightly live music and 60+ craft beers."
  },
  {
    "name": "Alex's Bar",
    "address": "2913 E Anaheim St",
    "city": "Long Beach",
    "state": "CA",
    "zip_code": "90804",
    "capacity": 200,
    "venue_type": "bar",
    "music_focus": ["punk", "rock", "metal", "indie"],
    "description": "Long Beach institution hosting punk and alternative acts since 1986."
  },
  {
    "name": "The Hi Hat",
    "address": "1708 E 4th St",
    "city": "Long Beach",
    "state": "CA",
    "zip_code": "90802",
    "website": "https://www.thehihat.com",
    "capacity": 350,
    "venue_type": "club",
    "music_focus": ["rock", "indie", "jazz", "blues"],
    "description": "Long Beach venue showcasing diverse lineup of local and touring artists."
  },
  {
    "name": "The Satellite",
    "address": "1717 Silver Lake Blvd",
    "city": "Los Angeles",
    "state": "CA",
    "zip_code": "90026",
    "capacity": 225,
    "venue_type": "club",
    "music_focus": ["indie", "rock", "electronic", "punk"],
    "description": "Silver Lake venue known for breaking new indie acts."
  },
  {
    "name": "The Terrace Theater",
    "address": "300 E Ocean Blvd",
    "city": "Long Beach",
    "state": "CA",
    "zip_code": "90802",
    "website": "https://www.longbeachcc.com",
    "capacity": 3000,
    "venue_type": "theater",
    "music_focus": ["jazz", "rock", "r&b", "world"],
    "description": "Long Beach Convention Center theater hosting diverse performances."
  },
  {
    "name": "Harvard & Stone",
    "address": "5221 Hollywood Blvd",
    "city": "Los Angeles",
    "state": "CA",
    "zip_code": "90027",
    "website": "https://www.harvardandstone.com",
    "capacity": 150,
    "venue_type": "bar",
    "music_focus": ["indie", "electronic", "hip hop", "soul"],
    "description": "Hollywood cocktail bar and music venue with rotating DJs and live acts."
  },
  {
    "name": "The Mint LA",
    "address": "6010 W Pico Blvd",
    "city": "Los Angeles",
    "state": "CA",
    "zip_code": "90035",
    "website": "https://www.themintla.com",
    "capacity": 200,
    "venue_type": "club",
    "music_focus": ["rock", "blues", "funk", "soul"],
    "description": "Classic LA venue with live music seven nights a week."
  },
  {
    "name": "The Peppermint Club",
    "address": "8713 Beverly Blvd",
    "city": "West Hollywood",
    "state": "CA",
    "zip_code": "90048",
    "website": "https://www.peppermintclub.com",
    "capacity": 300,
    "venue_type": "club",
    "music_focus": ["electronic", "indie", "rock", "hip hop"],
    "description": "West Hollywood nightclub and live music venue with diverse programming."
  },
  {
    "name": "The Broad Stage",
    "address": "1310 11th St",
    "city": "Santa Monica",
    "state": "CA",
    "zip_code": "90401",
    "website": "https://www.thebroadstage.org",
    "capacity": 499,
    "venue_type": "theater",
    "music_focus": ["jazz", "world", "singer songwriter", "experimental"],
    "description": "Santa Monica performing arts venue with diverse music programming."
  },
  {
    "name": "Zebulon Cafe",
    "address": "2478 Fletcher Dr",
    "city": "Los Angeles",
    "state": "CA",
    "zip_code": "90039",
    "capacity": 120,
    "venue_type": "club",
    "music_focus": ["jazz", "experimental", "world"],
    "description": "Frogtown venue dedicated to adventurous and experimental music."
  },
  {
    "name": "The Sayers Club",
    "address": "1645 Wilcox Ave",
    "city": "Los Angeles",
    "state": "CA",
    "zip_code": "90028",
    "capacity": 250,
    "venue_type": "club",
    "music_focus": ["rock", "hip hop", "r&b", "electronic"],
    "description": "Hollywood club known for intimate performances by major artists."
  },
  {
    "name": "The Roxy on the Sunset Strip",
    "address": "9009 Sunset Blvd",
    "city": "West Hollywood",
    "state": "CA",
    "zip_code": "90069",
    "capacity": 500,
    "venue_type": "club",
    "music_focus": ["rock", "indie", "alternative"],
    "description": "Sunset Strip institution since 1973, launching countless careers."
  },
  {
    "name": "Largo at the Coronet",
    "address": "366 N La Cienega Blvd",
    "city": "Los Angeles",
    "state": "CA",
    "zip_code": "90048",
    "website": "https://www.largo-la.com",
    "capacity": 280,
    "venue_type": "club",
    "music_focus": ["singer songwriter", "indie", "jazz", "experimental"],
    "description": "Intimate venue featuring music and comedy in a historic theater."
  },
  {
    "name": "Blue Whale",
    "address": "123 Astronaut E S Onizuka St",
    "city": "Los Angeles",
    "state": "CA",
    "zip_code": "90012",
    "website": "https://www.bluewhalemusic.com",
    "capacity": 120,
    "venue_type": "club",
    "music_focus": ["jazz", "experimental", "world"],
    "description": "Little Tokyo jazz club featuring cutting-edge and experimental jazz."
  },
  {
    "name": "The Vermont Hollywood",
    "address": "1606 N Vermont Ave",
    "city": "Los Angeles",
    "state": "CA",
    "zip_code": "90027",
    "capacity": 200,
    "venue_type": "bar",
    "music_focus": ["indie", "punk", "rock", "electronic"],
    "description": "Los Feliz bar and music venue with eclectic programming."
  },
  {
    "name": "The Airliner",
    "address": "2419 N Broadway",
    "city": "Los Angeles",
    "state": "CA",
    "zip_code": "90031",
    "capacity": 150,
    "venue_type": "bar",
    "music_focus": ["indie", "punk", "rock", "electronic"],
    "description": "Lincoln Heights bar featuring local and touring indie acts."
  },
  {
    "name": "The Smell",
    "address": "247 S Main St",
    "city": "Los Angeles",
    "state": "CA",
    "zip_code": "90012",
    "capacity": 200,
    "venue_type": "club",
    "music_focus": ["punk", "experimental", "indie", "hardcore"],
    "description": "All-ages DIY venue legendary in LA's underground music scene."
  },
  {
    "name": "The Orpheum Theatre",
    "address": "842 S Broadway",
    "city": "Los Angeles",
    "state": "CA",
    "zip_code": "90014",
    "website": "https://laorpheum.com",
    "capacity": 2000,
    "venue_type": "theater",
    "music_focus": ["rock", "indie", "alternative", "world"],
    "description": "Historic 1926 theater hosting concerts, films, and special events."
  },
  {
    "name": "The Mayan",
    "address": "1038 S Hill St",
    "city": "Los Angeles",
    "state": "CA",
    "zip_code": "90015",
    "capacity": 1400,
    "venue_type": "theater",
    "music_focus": ["latin", "electronic", "hip hop", "rock"],
    "description": "Downtown theater with Mayan-themed decor hosting concerts and events."
  },
  {
    "name": "The Ebell of Los Angeles",
    "address": "743 S Lucerne Blvd",
    "city": "Los Angeles",
    "state": "CA",
    "zip_code": "90005",
    "website": "https://www.ebelloflosangeles.com",
    "capacity": 1270,
    "venue_type": "theater",
    "music_focus": ["singer songwriter", "indie", "world", "jazz"],
    "description": "Historic venue featuring diverse music performances and cultural events."
  },
  {
    "name": "Madame Siam",
    "address": "3210 Sunset Blvd",
    "city": "Los Angeles",
    "state": "CA",
    "zip_code": "90026",
    "capacity": 100,
    "venue_type": "bar",
    "music_focus": ["indie", "punk", "electronic", "experimental"],
    "description": "Silver Lake bar and performance space with eclectic programming."
  },
  {
    "name": "Gold-Diggers",
    "address": "5632 Santa Monica Blvd",
    "city": "Los Angeles",
    "state": "CA",
    "zip_code": "90038",
    "website": "https://www.gold-diggers.com",
    "capacity": 200,
    "venue_type": "bar",
    "music_focus": ["indie", "rock", "electronic", "punk"],
    "description": "East Hollywood bar and recording studio with live music and DJs."
  },
  {
    "name": "The Monty Bar",
    "address": "1222 W 7th St",
    "city": "Los Angeles",
    "state": "CA",
    "zip_code": "90017",
    "capacity": 120,
    "venue_type": "bar",
    "music_focus": ["jazz", "experimental", "indie", "world"],
    "description": "Downtown bar featuring adventurous jazz and experimental music."
  },
  {
    "name": "The Redwood Bar",
    "address": "316 W 2nd St",
    "city": "Los Angeles",
    "state": "CA",
    "zip_code": "90012",
    "capacity": 150,
    "venue_type": "bar",
    "music_focus": ["country", "rock", "americana", "folk"],
    "description": "Downtown dive bar featuring country, rock, and Americana music."
  },
  {
    "name": "Los Globos",
    "address": "3040 Sunset Blvd",
    "city": "Los Angeles",
    "state": "CA",
    "zip_code": "90026",
    "capacity": 600,
    "venue_type": "club",
    "music_focus": ["latin", "electronic", "indie", "punk"],
    "description": "Silver Lake venue featuring Latin nights and diverse music programming."
  },
  {
    "name": "The Federal Bar",
    "address": "5303 Lankershim Blvd",
    "city": "North Hollywood",
    "state": "CA",
    "zip_code": "91601",
    "website": "https://www.thefederalbar.com",
    "capacity": 250,
    "venue_type": "bar",
    "music_focus": ["rock", "indie", "punk", "alternative"],
    "description": "NoHo Arts District bar with rooftop stage and diverse live music."
  },
  {
    "name": "Piano Bar",
    "address": "2122 Hillhurst Ave",
    "city": "Los Angeles",
    "state": "CA",
    "zip_code": "90027",
    "capacity": 80,
    "venue_type": "bar",
    "music_focus": ["jazz", "singer songwriter", "acoustic"],
    "description": "Los Feliz piano bar featuring intimate performances and sing-alongs."
  },
  {
    "name": "The Mint Los Angeles",
    "address": "6010 Pico Blvd",
    "city": "Los Angeles",
    "state": "CA",
    "zip_code": "90035",
    "capacity": 200,
    "venue_type": "club",
    "music_focus": ["rock", "blues", "funk", "soul"],
    "description": "Historic venue operating since 1937 with live music seven nights a week."
  },
  {
    "name": "The Virgil",
    "address": "4519 Santa Monica Blvd",
    "city": "Los Angeles",
    "state": "CA",
    "zip_code": "90029",
    "capacity": 400,
    "venue_type": "club",
    "music_focus": ["indie", "electronic", "punk", "alternative"],
    "description": "Silver Lake venue featuring live music, DJs, and special events."
  },
  {
    "name": "The Short Stop",
    "address": "1455 W Sunset Blvd",
    "city": "Los Angeles",
    "state": "CA",
    "zip_code": "90026",
    "capacity": 200,
    "venue_type": "bar",
    "music_focus": ["indie", "punk", "rock", "electronic"],
    "description": "Echo Park bar with pinball machines and regular live music."
  },
  {
    "name": "The Echo Park Film Center",
    "address": "1200 N Alvarado St",
    "city": "Los Angeles",
    "state": "CA",
    "zip_code": "90026",
    "capacity": 50,
    "venue_type": "other",
    "music_focus": ["experimental", "indie", "acoustic"],
    "description": "Community space featuring experimental film and music events."
  },
  {
    "name": "The Lighthouse Cafe",
    "address": "30 Pier Ave",
    "city": "Hermosa Beach",
    "state": "CA",
    "zip_code": "90254",
    "website": "https://www.thelighthousecafe.net",
    "capacity": 150,
    "venue_type": "club",
    "music_focus": ["jazz", "blues", "rock"],
    "description": "Historic jazz club that helped launch West Coast jazz movement."
  },
  {
    "name": "Saint Rocke",
    "address": "142 Pacific Coast Hwy",
    "city": "Hermosa Beach",
    "state": "CA",
    "zip_code": "90254",
    "website": "https://www.saintrocke.com",
    "capacity": 350,
    "venue_type": "club",
    "music_focus": ["rock", "indie", "alternative", "tribute"],
    "description": "Hermosa Beach venue featuring local and touring rock acts."
  },
  {
    "name": "Pappy & Harriet's",
    "address": "53688 Pioneertown Rd",
    "city": "Pioneertown",
    "state": "CA",
    "zip_code": "92268",
    "website": "https://www.pappyandharriets.com",
    "capacity": 300,
    "venue_type": "bar",
    "music_focus": ["rock", "country", "indie", "americana"],
    "description": "Desert roadhouse near Joshua Tree featuring top touring acts."
  },
  {
    "name": "Levitt Pavilion Pasadena",
    "address": "85 E Holly St",
    "city": "Pasadena",
    "state": "CA",
    "zip_code": "91103",
    "website": "https://www.levittpavilionpasadena.org",
    "capacity": 2000,
    "venue_type": "amphitheater",
    "music_focus": ["world", "jazz", "latin", "rock"],
    "description": "Free outdoor concert series featuring diverse music from around the world."
  },
  {
    "name": "The Raymond 1886",
    "address": "1250 S Fair Oaks Ave",
    "city": "Pasadena",
    "state": "CA",
    "zip_code": "91105",
    "website": "https://www.the raymond.com",
    "capacity": 100,
    "venue_type": "restaurant",
    "music_focus": ["jazz", "acoustic", "singer songwriter"],
    "description": "Historic Pasadena restaurant featuring live jazz and acoustic music."
  },
  {
    "name": "The Ice House",
    "address": "24 N Mentor Ave",
    "city": "Pasadena",
    "state": "CA",
    "zip_code": "91106",
    "website": "https://www.icehousecomedy.com",
    "capacity": 200,
    "venue_type": "club",
    "music_focus": ["singer songwriter", "jazz", "acoustic"],
    "description": "Historic venue featuring both comedy and occasional live music."
  },
  {
    "name": "The Mixx",
    "address": "56 E Green St",
    "city": "Pasadena",
    "state": "CA",
    "zip_code": "91105",
    "website": "https://www.themixxclub.com",
    "capacity": 300,
    "venue_type": "club",
    "music_focus": ["rock", "indie", "electronic", "hip hop"],
    "description": "Pasadena nightclub featuring DJs and live music performances."
  },
  {
    "name": "The Rose",
    "address": "245 E Green St",
    "city": "Pasadena",
    "state": "CA",
    "zip_code": "91101",
    "website": "https://www.rosepasadena.com",
    "capacity": 900,
    "venue_type": "theater",
    "music_focus": ["rock", "indie", "alternative", "folk"],
    "description": "Historic Pasadena theater hosting diverse music performances."
  },
  {
    "name": "The Canyon Club",
    "address": "28912 Roadside Dr",
    "city": "Agoura Hills",
    "state": "CA",
    "zip_code": "91301",
    "website": "https://www.canyonclub.net",
    "capacity": 550,
    "venue_type": "club",
    "music_focus": ["rock", "blues", "jazz", "tribute"],
    "description": "Upscale music venue in Agoura Hills featuring dinner and shows."
  },
  {
    "name": "The Coach House",
    "address": "33157 Camino Capistrano",
    "city": "San Juan Capistrano",
    "state": "CA",
    "zip_code": "92675",
    "website": "https://www.thecoachhouse.com",
    "capacity": 400,
    "venue_type": "club",
    "music_focus": ["rock", "blues", "country", "jazz"],
    "description": "Orange County venue featuring established touring acts."
  },
  {
    "name": "The Observatory",
    "address": "3503 S Harbor Blvd",
    "city": "Santa Ana",
    "state": "CA",
    "zip_code": "92704",
    "website": "https://www.observatoryoc.com",
    "capacity": 1100,
    "venue_type": "theater",
    "music_focus": ["rock", "metal", "punk", "electronic"],
    "description": "Orange County theater hosting rock and alternative music."
  },
  {
    "name": "Yost Theater",
    "address": "307 N Spurgeon St",
    "city": "Santa Ana",
    "state": "CA",
    "zip_code": "92701",
    "website": "https://www.yosttheater.com",
    "capacity": 560,
    "venue_type": "theater",
    "music_focus": ["rock", "indie", "punk", "metal"],
    "description": "Historic Santa Ana theater featuring diverse music programming."
  },
  {
    "name": "Chain Reaction",
    "address": "1652 W Lincoln Ave",
    "city": "Anaheim",
    "state": "CA",
    "zip_code": "92801",
    "capacity": 500,
    "venue_type": "club",
    "music_focus": ["punk", "hardcore", "metal", "rock"],
    "description": "All-ages punk and hardcore venue in Orange County."
  },
  {
    "name": "House of Blues Anaheim",
    "address": "1530 S Disneyland Dr",
    "city": "Anaheim",
    "state": "CA",
    "zip_code": "92802",
    "website": "https://www.houseofblues.com/anaheim",
    "capacity": 1800,
    "venue_type": "club",
    "music_focus": ["rock", "blues", "hip hop", "electronic"],
    "description": "Major venue near Disneyland hosting touring acts and special events."
  },
  {
    "name": "The Wayfarer",
    "address": "843 W 19th St",
    "city": "Costa Mesa",
    "state": "CA",
    "zip_code": "92627",
    "website": "https://www.thewayfarercm.com",
    "capacity": 600,
    "venue_type": "club",
    "music_focus": ["rock", "indie", "alternative", "country"],
    "description": "Costa Mesa venue featuring live music and craft beer."
  },
  {
    "name": "The Constellation Room",
    "address": "3503 S Harbor Blvd",
    "city": "Santa Ana",
    "state": "CA",
    "zip_code": "92704",
    "capacity": 250,
    "venue_type": "club",
    "music_focus": ["indie", "alternative", "punk", "electronic"],
    "description": "Intimate room within The Observatory complex for emerging artists."
  },
  {
    "name": "The Roxy Theatre West Hollywood",
    "address": "9009 W Sunset Blvd",
    "city": "West Hollywood",
    "state": "CA",
    "zip_code": "90069",
    "capacity": 500,
    "venue_type": "theater",
    "music_focus": ["rock", "indie", "alternative"],
    "description": "Legendary Sunset Strip theater celebrating 50+ years."
  },
  {
    "name": "The Baked Potato",
    "address": "3787 Cahuenga Blvd W",
    "city": "Studio City",
    "state": "CA",
    "zip_code": "91604",
    "website": "https://www.thebakedpotato.com",
    "capacity": 100,
    "venue_type": "club",
    "music_focus": ["jazz", "fusion", "instrumental"],
    "description": "Legendary jazz club in Studio City featuring world-class musicians."
  },
  {
    "name": "Vibrato Grill Jazz",
    "address": "2930 Beverly Glen Circle",
    "city": "Los Angeles",
    "state": "CA",
    "zip_code": "90077",
    "website": "https://www.vibratogrilljazz.com",
    "capacity": 140,
    "venue_type": "restaurant",
    "music_focus": ["jazz", "blues", "soul"],
    "description": "Bel Air jazz club owned by legendary musician Herb Alpert."
  },
  {
    "name": "Sam First",
    "address": "6835 Santa Monica Blvd",
    "city": "Los Angeles",
    "state": "CA",
    "zip_code": "90038",
    "capacity": 150,
    "venue_type": "bar",
    "music_focus": ["indie", "punk", "rock", "electronic"],
    "description": "Hollywood bar and music venue with diverse programming."
  },
  {
    "name": "The Study",
    "address": "6356 Hollywood Blvd",
    "city": "Los Angeles",
    "state": "CA",
    "zip_code": "90028",
    "capacity": 200,
    "venue_type": "club",
    "music_focus": ["electronic", "hip hop", "r&b"],
    "description": "Hollywood nightclub featuring electronic music and hip hop."
  },
  {
    "name": "Bootleg HiFi",
    "address": "2220 Beverly Blvd",
    "city": "Los Angeles",
    "state": "CA",
    "zip_code": "90057",
    "capacity": 100,
    "venue_type": "bar",
    "music_focus": ["indie", "electronic", "punk"],
    "description": "Intimate bar and music space with curated programming."
  },
  {
    "name": "The Paramount",
    "address": "933 S Paramount Blvd",
    "city": "Downey",
    "state": "CA",
    "zip_code": "90241",
    "capacity": 180,
    "venue_type": "club",
    "music_focus": ["rock", "punk", "metal", "hardcore"],
    "description": "Downey venue featuring rock and punk shows."
  },
  {
    "name": "Bluebird Brasserie",
    "address": "13730 Ventura Blvd",
    "city": "Sherman Oaks",
    "state": "CA",
    "zip_code": "91423",
    "capacity": 120,
    "venue_type": "restaurant",
    "music_focus": ["jazz", "acoustic", "singer songwriter"],
    "description": "Sherman Oaks restaurant featuring live jazz and acoustic music."
  },
  {
    "name": "The Mint LA on Pico",
    "address": "6010 Pico Blvd",
    "city": "Los Angeles",
    "state": "CA",
    "zip_code": "90035",
    "capacity": 200,
    "venue_type": "club",
    "music_focus": ["rock", "blues", "funk"],
    "description": "Classic LA rock club with nightly live performances."
  },
  {
    "name": "Resident DTLA",
    "address": "428 S Hewitt St",
    "city": "Los Angeles",
    "state": "CA",
    "zip_code": "90013",
    "capacity": 300,
    "venue_type": "bar",
    "music_focus": ["electronic", "indie", "experimental"],
    "description": "Arts District venue with beer garden and live music."
  },
  {
    "name": "Angel City Brewery",
    "address": "216 Alameda St",
    "city": "Los Angeles",
    "state": "CA",
    "zip_code": "90012",
    "website": "https://www.angelcitybrewery.com",
    "capacity": 250,
    "venue_type": "brewery",
    "music_focus": ["rock", "indie", "acoustic"],
    "description": "Downtown brewery featuring live music in industrial-chic space."
  },
  {
    "name": "The Griffin",
    "address": "3000 Los Feliz Blvd",
    "city": "Los Angeles",
    "state": "CA",
    "zip_code": "90039",
    "capacity": 100,
    "venue_type": "bar",
    "music_focus": ["indie", "rock", "electronic"],
    "description": "Atwater Village bar featuring DJs and occasional live music."
  },
  {
    "name": "Gold Room",
    "address": "1558 W Sunset Blvd",
    "city": "Los Angeles",
    "state": "CA",
    "zip_code": "90026",
    "capacity": 75,
    "venue_type": "bar",
    "music_focus": ["indie", "punk", "experimental"],
    "description": "Tiny Echo Park bar hosting intimate shows and DJs."
  },
  {
    "name": "La Poubelle",
    "address": "5907 Franklin Ave",
    "city": "Los Angeles",
    "state": "CA",
    "zip_code": "90028",
    "capacity": 80,
    "venue_type": "restaurant",
    "music_focus": ["jazz", "acoustic", "singer songwriter"],
    "description": "French bistro in Hollywood with live music on weekends."
  },
  {
    "name": "The Dresden Restaurant",
    "address": "1760 N Vermont Ave",
    "city": "Los Angeles",
    "state": "CA",
    "zip_code": "90027",
    "website": "https://www.thedresden.com",
    "capacity": 100,
    "venue_type": "restaurant",
    "music_focus": ["jazz", "lounge", "standards"],
    "description": "Classic Los Feliz lounge featuring Marty & Elayne since 1982."
  },
  {
    "name": "Harvelle's Long Beach",
    "address": "201 E Broadway",
    "city": "Long Beach",
    "state": "CA",
    "zip_code": "90802",
    "capacity": 200,
    "venue_type": "club",
    "music_focus": ["blues", "jazz", "r&b"],
    "description": "Long Beach location of the historic blues club."
  },
  {
    "name": "Roscoe's Jazz Lounge",
    "address": "400 E 1st St",
    "city": "Long Beach",
    "state": "CA",
    "zip_code": "90802",
    "capacity": 100,
    "venue_type": "club",
    "music_focus": ["jazz", "blues", "soul"],
    "description": "Downtown Long Beach jazz club with performances Thursday-Sunday."
  },
  {
    "name": "4th Street Vine",
    "address": "2142 E 4th St",
    "city": "Long Beach",
    "state": "CA",
    "zip_code": "90814",
    "capacity": 100,
    "venue_type": "bar",
    "music_focus": ["indie", "rock", "acoustic"],
    "description": "Long Beach wine bar featuring live music and local artists."
  },
  {
    "name": "Fingerprints Music",
    "address": "420 E 4th St",
    "city": "Long Beach",
    "state": "CA",
    "zip_code": "90802",
    "capacity": 100,
    "venue_type": "other",
    "music_focus": ["indie", "rock", "punk"],
    "description": "Independent record store hosting in-store performances."
  },
  {
    "name": "The Doll Hut",
    "address": "107 S Adams St",
    "city": "Anaheim",
    "state": "CA",
    "zip_code": "92802",
    "capacity": 70,
    "venue_type": "bar",
    "music_focus": ["punk", "rock", "rockabilly"],
    "description": "Tiny Anaheim bar known as California's oldest punk rock bar."
  },
  {
    "name": "Detroit Bar",
    "address": "843 W 19th St",
    "city": "Costa Mesa",
    "state": "CA",
    "zip_code": "92627",
    "capacity": 300,
    "venue_type": "bar",
    "music_focus": ["rock", "punk", "indie"],
    "description": "Costa Mesa bar featuring punk and rock shows."
  },
  {
    "name": "The Slidebar Rock-N-Roll Kitchen",
    "address": "122 W Commonwealth Ave",
    "city": "Fullerton",
    "state": "CA",
    "zip_code": "92832",
    "website": "https://www.theslidebar.com",
    "capacity": 400,
    "venue_type": "bar",
    "music_focus": ["rock", "punk", "metal", "alternative"],
    "description": "Fullerton rock bar featuring live music nightly."
  },
  {
    "name": "The Watering Bowl",
    "address": "206 Santa Monica Blvd",
    "city": "Santa Monica",
    "state": "CA",
    "zip_code": "90401",
    "capacity": 150,
    "venue_type": "bar",
    "music_focus": ["rock", "indie", "acoustic"],
    "description": "Santa Monica bar featuring live bands and local artists."
  },
  {
    "name": "Cha Cha Lounge",
    "address": "2375 Glendale Blvd",
    "city": "Los Angeles",
    "state": "CA",
    "zip_code": "90039",
    "capacity": 100,
    "venue_type": "bar",
    "music_focus": ["indie", "punk", "rock"],
    "description": "Silver Lake dive bar with tiki decor and live music."
  },
  {
    "name": "The Last Bookstore",
    "address": "453 S Spring St",
    "city": "Los Angeles",
    "state": "CA",
    "zip_code": "90013",
    "website": "https://www.lastbookstorela.com",
    "capacity": 100,
    "venue_type": "other",
    "music_focus": ["indie", "acoustic", "experimental"],
    "description": "Downtown bookstore hosting in-store performances and events."
  },
  {
    "name": "Highland Park Brewery",
    "address": "5127 York Blvd",
    "city": "Los Angeles",
    "state": "CA",
    "zip_code": "90042",
    "capacity": 100,
    "venue_type": "brewery",
    "music_focus": ["indie", "rock", "acoustic"],
    "description": "Highland Park brewery occasionally featuring live music."
  },
  {
    "name": "The York",
    "address": "5018 York Blvd",
    "city": "Los Angeles",
    "state": "CA",
    "zip_code": "90042",
    "capacity": 120,
    "venue_type": "bar",
    "music_focus": ["indie", "punk", "rock"],
    "description": "Highland Park bar featuring regular live music and DJs."
  },
  {
    "name": "The Hi Fi",
    "address": "5642 Santa Monica Blvd",
    "city": "Los Angeles",
    "state": "CA",
    "zip_code": "90038",
    "capacity": 80,
    "venue_type": "bar",
    "music_focus": ["indie", "electronic", "punk"],
    "description": "Small Hollywood bar with regular DJ nights and occasional live acts."
  }
]
